month,begin_balance,sched_principal,prepayment,total_principal,interest,total_cash,end_balance,CPR,SMM
1,229000.0,-49451.35764537699,46.45115522476006,-49404.906490152236,977.0666666666667,-48427.83982348557,278404.90649015224,0.002,0.00016681963994558124
2,278404.90649015224,-49662.15191306831,109.55668540968854,-49552.59522765862,1187.8609343579828,-48364.73429330064,327957.50171781087,0.004,0.0003339460107422143
3,327957.50171781087,-49873.57631937299,189.43705698943316,-49684.139262383556,1399.2853406626598,-48284.853921720896,377641.64098019444,0.006,0.0005013802940021517
4,377641.64098019444,-50085.56198022582,286.2023993447147,-49799.35958088111,1611.2710015154964,-48188.08857936561,427441.0005610755,0.008,0.0006691236782786492
5,427441.0005610755,-50298.03924777092,399.95230769597595,-49898.08694007494,1823.7482690605889,-48074.33867101435,477339.08750115044,0.01,0.0008371773591205889
6,477339.08750115044,-50510.93775204857,530.7756546716998,-49980.16209737687,2036.646773338242,-47943.51532403863,527319.2495985273,0.012,0.0010055425391276573
7,527319.2495985273,-50724.186443664046,678.7504108759513,-50045.43603278809,2249.895464953717,-47795.540567834374,577364.6856313155,0.014,0.0011742204280067448
8,577364.6856313155,-50937.71363740394,843.9434747704362,-50093.770162633504,2463.422658693613,-47630.34750393989,627458.455793949,0.016,0.0013432122426282334
9,627458.455793949,-51151.44705676451,1026.4105121782495,-50125.03654458626,2677.156078054182,-47447.88046653208,677583.4923385353,0.018000000000000002,0.0015125192070827298
10,677583.4923385353,-51365.31387935475,1226.1958057078264,-50139.118073646925,2891.0229006444174,-47248.095173002504,727722.6104121822,0.02,0.001682142552739574
11,727722.6104121822,-51579.24078313564,1443.332114382743,-50135.9086687529,3104.949804425311,-47030.958864327586,777858.519080935,0.022,0.0018520835183041262
12,777858.519080935,-51793.15399345565,1677.8405437564577,-50115.31344969919,3318.863014745323,-46796.45043495387,827973.8325306342,0.024,0.002022343349877165
13,827973.8325306342,-52006.97933084103,1929.7304267765921,-50077.248904064436,3532.6883521307063,-46544.560551933726,878051.0814346987,0.026000000000000002,0.0021929233010143934
14,878051.0814346987,-52220.642259498374,2198.999215652381,-50021.643043845994,3746.351280788048,-46275.29176305795,928072.7244785447,0.028,0.002363824632785727
15,928072.7244785447,-52434.06793648545,2485.632384969179,-49948.435551516275,3959.776957775124,-45988.65859374115,978021.1600300609,0.03,0.002535048613836688
16,978021.1600300609,-52647.181261505255,2789.603346277062,-49857.57791522819,4172.890282794927,-45684.68763243326,1027878.7379452891,0.032,0.002706596520449356
17,1027878.7379452891,-52859.9069272769,3110.8733743704597,-49749.03355290644,4385.615948566568,-45363.41760433987,1077627.7714981956,0.034,0.0028784696366042084
18,1077627.7714981956,-53072.16947043596,3449.39154546044,-49622.77792497552,4597.878491725634,-45024.899433249884,1127250.5494231712,0.036000000000000004,0.003050669254042293
19,1127250.5494231712,-53283.89332291586,3805.094687429035,-49478.79863548682,4809.602344205531,-44669.19629128129,1176729.348058658,0.038,0.003223196672329065
20,1176729.348058658,-53495.0028637606,4177.907342336357,-49317.09552142424,5020.711885050274,-44296.38363637397,1226046.4435800822,0.04,0.003396053198917559
21,1226046.4435800822,-53705.42247131868,4567.741741341065,-49137.68072997761,5231.1314926083505,-43906.54923736926,1275184.1243100597,0.042,0.0035692401492131154
22,1275184.1243100597,-53915.07657576658,4974.497792175063,-48940.57878359152,5440.785597056255,-43499.793186535266,1324124.7030936512,0.044,0.0037427588466381057
23,1324124.7030936512,-54123.889711909906,5398.063079301125,-48725.82663260878,5649.598733199578,-43076.227899409205,1372850.52972626,0.046,0.003916610622698213
24,1372850.52972626,-54331.786572209036,5838.312876861672,-48493.47369534736,5857.49559349871,-42635.978101848654,1421344.0034216074,0.048,0.004090796817048492
25,1421344.0034216074,-54538.69205997585,6295.110174514416,-48243.58188546143,6064.401081265525,-42179.18080419591,1469587.585307069,0.05,0.004265318777560645
26,1469587.585307069,-54744.53134268716,6768.305716230814,-47976.22562645635,6270.240363976827,-41705.98526247952,1517563.8109335252,0.052000000000000005,0.004440177860390748
27,1517563.8109335252,-54949.229905360036,7257.7380521172945,-47691.49185324274,6474.938926649708,-41216.55292659303,1565255.302786768,0.054,0.004615375430047641
28,1565255.302786768,-55152.71360393387,7763.233603302755,-47389.48000063112,6678.422625223544,-40711.057375407574,1612644.7827873991,0.056,0.004790912859462759
29,1612644.7827873991,-55354.90871860323,8284.606739913168,-47070.301978690055,6880.617739892903,-40189.684238797156,1659715.0847660892,0.058,0.004966791530059078
30,1659715.0847660892,-55555.74200704564,8821.659872145787,-46734.08213489986,7081.451028335315,-39652.63110656454,1706449.1669009891,0.06,0.005143012831822946
31,1706449.1669009891,-55755.14075748788,9063.039366581219,-46692.10139090667,7280.849778777554,-39411.25161212911,1753141.2682918957,0.06,0.005143012831822946
32,1753141.2682918957,-55954.36039008908,9304.202032306248,-46650.158357782835,7480.069411378756,-39170.08894640408,1799791.4266496785,0.06,0.005143012831822946
33,1799791.4266496785,-56153.401065748956,9545.14806409587,-46608.25300165309,7679.110087038629,-38929.14291461446,1846399.6796513316,0.06,0.005143012831822946
34,1846399.6796513316,-56352.262945222676,9785.877656550118,-46566.38528867256,7877.971966512348,-38688.41332216021,1892966.0649400041,0.06,0.005143012831822946
35,1892966.0649400041,-56550.94618912101,10026.391004094208,-46524.5551850268,8076.655210410685,-38447.89997461611,1939490.6201250309,0.06,0.005143012831822946
36,1939490.6201250309,-56749.45095791046,10266.688300978718,-46482.76265693174,8275.159979200133,-38207.602677731615,1985973.3827819626,0.06,0.005143012831822946
37,1985973.3827819626,-56947.77741191337,10506.769741279724,-46441.00767063364,8473.486433203041,-37967.5212374306,2032414.3904525964,0.06,0.005143012831822946
38,2032414.3904525964,-57145.92571130807,10746.635518898973,-46399.2901924091,8671.634732597744,-37727.65545981136,2078813.6806450055,0.06,0.005143012831822946
39,2078813.6806450055,-57343.896016129016,10986.285827564025,-46357.61018856499,8869.60503741869,-37488.0051511463,2125171.2908335705,0.06,0.005143012831822946
40,2125171.2908335705,-57541.688486266896,11225.720860828416,-46315.96762543848,9067.397507556569,-37248.570117881914,2171487.258459009,0.06,0.005143012831822946
41,2171487.258459009,-57739.30328146877,11464.940812071825,-46274.36246939695,9265.01230275844,-37009.350166638505,2217761.6209284062,0.06,0.005143012831822946
42,2217761.6209284062,-57936.74056133819,11703.945874500208,-46232.79468683798,9462.449582627867,-36770.345104210115,2263994.4156152443,0.06,0.005143012831822946
43,2263994.4156152443,-58134.00048533537,11942.736241145976,-46191.26424418939,9659.709506625042,-36531.55473756435,2310185.679859434,0.06,0.005143012831822946
44,2310185.679859434,-58331.083212777245,12181.31210486813,-46149.77110790912,9856.792234066917,-36292.9788738422,2356335.450967343,0.06,0.005143012831822946
45,2356335.450967343,-58527.98890283766,12419.673658352438,-46108.31524448522,10053.697924127331,-36054.61732035789,2402443.766211828,0.06,0.005143012831822946
46,2402443.766211828,-58724.71771454746,12657.821094111578,-46066.89662043589,10250.426735837134,-35816.46988459875,2448510.6628322643,0.06,0.005143012831822946
47,2448510.6628322643,-58921.269806794655,12895.75460448529,-46025.51520230937,10446.978828084328,-35578.53637422504,2494536.178034574,0.06,0.005143012831822946
48,2494536.178034574,-59117.64533832451,13133.474381640543,-45984.17095668397,10643.354359614183,-35340.81659706979,2540520.3489912576,0.06,0.005143012831822946
49,2540520.3489912576,-59313.84446773969,13370.980617571682,-45942.86385016801,10839.553489029366,-35103.31036113865,2586463.2128414256,0.06,0.005143012831822946
50,2586463.2128414256,-59509.86735350041,13608.273504100589,-45901.593849399826,11035.576374790084,-34866.01747460974,2632364.806690825,0.06,0.005143012831822946
51,2632364.806690825,-59705.71415392451,13845.353232876829,-45860.360921047686,11231.423175214188,-34628.9377458335,2678225.167611873,0.06,0.005143012831822946
52,2678225.167611873,-59901.38502718765,14082.219995377816,-45819.16503180983,11427.094048477324,-34392.07098333251,2724044.3326436826,0.06,0.005143012831822946
53,2724044.3326436826,-60096.88013132337,14318.873982908955,-45778.00614841442,11622.589152613047,-34155.416995801366,2769822.338792097,0.06,0.005143012831822946
54,2769822.338792097,-60292.19962422327,14555.315386603808,-45736.884237619466,11817.908645512947,-33918.97559210652,2815559.2230297164,0.06,0.005143012831822946
55,2815559.2230297164,-60487.34366363712,14791.544397424246,-45695.799266212874,12013.05268492679,-33682.74658128608,2861255.0222959295,0.06,0.005143012831822946
56,2861255.0222959295,-60682.31240717296,15027.561206160593,-45654.75120101237,12208.021428462633,-33446.729772549734,2906909.7734969417,0.06,0.005143012831822946
57,2906909.7734969417,-60877.10601229728,15263.366003431796,-45613.74000886548,12402.815033586952,-33210.92497527853,2952523.513505807,0.06,0.005143012831822946
58,2952523.513505807,-61071.7246363351,15498.958979685563,-45572.765656649535,12597.433657624777,-32975.331999024755,2998096.2791624567,0.06,0.005143012831822946
59,2998096.2791624567,-61266.16843647014,15734.340325198536,-45531.82811127161,12791.877457759816,-32739.95065351179,3043628.1072737286,0.06,0.005143012831822946
60,3043628.1072737286,-61460.4375697449,15969.510230076425,-45490.92733966847,12986.146591034576,-32504.780748633897,3089119.034613397,0.06,0.005143012831822946
61,3089119.034613397,-61654.53219306082,16204.468884254165,-45450.06330880665,13180.241214350495,-32269.822094456158,3134569.0979222036,0.06,0.005143012831822946
62,3134569.0979222036,-61848.4524631784,16439.216477496087,-45409.23598568232,13374.16148446807,-32035.074501214247,3179978.333907886,0.06,0.005143012831822946
63,3179978.333907886,-62042.198536717304,16673.753199396055,-45368.445337321245,13567.90755800698,-31800.537779314265,3225346.779245207,0.06,0.005143012831822946
64,3225346.779245207,-62235.77057015654,16908.079239377617,-45327.69133077892,13761.479591446217,-31566.211739332706,3270674.470575986,0.06,0.005143012831822946
65,3270674.470575986,-62429.16871983453,17142.194786694166,-45286.97393314037,13954.877741124208,-31332.09619201616,3315961.4445091262,0.06,0.005143012831822946
66,3315961.4445091262,-62622.393141949266,17376.100030429094,-45246.29311152017,14148.10216323894,-31098.190948281233,3361207.7376206466,0.06,0.005143012831822946
67,3361207.7376206466,-62815.443992558416,17609.795159495945,-45205.64883306247,14341.153013848092,-30864.49581921438,3406413.386453709,0.06,0.005143012831822946
68,3406413.386453709,-63008.32142757949,17843.28036263855,-45165.04106494094,14534.03044886916,-30631.010616071777,3451578.42751865,0.06,0.005143012831822946
69,3451578.42751865,-63201.0256027899,18076.555828431203,-45124.4697743587,14726.734624079574,-30397.735150279128,3496702.897293009,0.06,0.005143012831822946
70,3496702.897293009,-63393.55667382717,18309.621745278808,-45083.93492854836,14919.26569511684,-30164.669233431523,3541786.8322215574,0.06,0.005143012831822946
71,3541786.8322215574,-63585.91479618897,18542.478301417013,-45043.43649477196,15111.623817478645,-29931.812677293314,3586830.2687163292,0.06,0.005143012831822946
72,3586830.2687163292,-63778.10012523334,18775.12568491239,-45002.97444032095,15303.809146523006,-29699.16529379794,3631833.24315665,0.06,0.005143012831822946
73,3631833.24315665,-63970.112816178706,19007.564083662568,-44962.54873251614,15495.821837468375,-29466.726895047763,3676795.7918891665,0.06,0.005143012831822946
74,3676795.7918891665,-64161.95302410411,19239.793685396384,-44922.15933870772,15687.662045393778,-29234.497293313943,3721717.951227874,0.06,0.005143012831822946
75,3721717.951227874,-64353.62090394925,19471.814677674043,-44881.80622627521,15879.32992523893,-29002.476301036277,3766599.7574541494,0.06,0.005143012831822946
76,3766599.7574541494,-64545.1166105147,19703.627247887274,-44841.48936262743,16070.825631804371,-28770.663730823057,3811441.2468167767,0.06,0.005143012831822946
77,3811441.2468167767,-64736.44029846191,19935.23158325946,-44801.20871520245,16262.149319751581,-28539.059395450866,3856242.455531979,0.06,0.005143012831822946
78,3856242.455531979,-64927.592122313436,20166.62787084582,-44760.964251467616,16453.301143603112,-28307.663107864504,3901003.4197834465,0.06,0.005143012831822946
79,3901003.4197834465,-65118.57223645304,20397.81629753353,-44720.75593891951,16644.281257742707,-28076.474681176802,3945724.175722366,0.06,0.005143012831822946
80,3945724.175722366,-65309.38079512576,20628.79705004189,-44680.58374508387,16835.08981641543,-27845.493928668442,3990404.75946745,0.06,0.005143012831822946
81,3990404.75946745,-65500.01795243811,20859.570314922476,-44640.44763751564,17025.726973727786,-27614.72066378785,4035045.2071049656,0.06,0.005143012831822946
82,4035045.2071049656,-65690.48386235817,21090.136278559283,-44600.347583798895,17216.192883647855,-27384.15470015104,4079645.5546887643,0.06,0.005143012831822946
83,4079645.5546887643,-65880.77867871572,21320.495127168877,-44560.28355154685,17406.487700005397,-27153.79585154145,4124205.838240311,0.06,0.005143012831822946
84,4124205.838240311,-66070.90255520232,21550.647046800557,-44520.255508401766,17596.611576491996,-26923.64393190977,4168726.093748713,0.06,0.005143012831822946
85,4168726.093748713,-66260.8556453715,21780.59222333649,-44480.26342203501,17786.564666661176,-26693.698755373833,4213206.357170748,0.06,0.005143012831822946
86,4213206.357170748,-66450.63810263886,22010.330842491858,-44440.307260147,17976.347123928525,-26463.960136218473,4257646.664430895,0.06,0.005143012831822946
87,4257646.664430895,-66640.25008028215,22239.863089815037,-44400.38699046711,18165.959101571818,-26234.42788889529,4302047.051421362,0.06,0.005143012831822946
88,4302047.051421362,-66829.69173144147,22469.18915068771,-44360.50258075376,18355.400752731144,-26005.101828022616,4346407.5540021155,0.06,0.005143012831822946
89,4346407.5540021155,-67018.96320911935,22698.30921032504,-44320.65399879431,18544.672230409025,-25775.981768385285,4390728.20800091,0.06,0.005143012831822946
90,4390728.20800091,-67208.06466618087,22927.2234537758,-44280.84121240507,18733.773687470548,-25547.06752493452,4435009.049213314,0.06,0.005143012831822946
91,4435009.049213314,-67396.9962553538,23155.93206592257,-44241.064189431236,18922.705276643475,-25318.35891278776,4479250.113402746,0.06,0.005143012831822946
92,4479250.113402746,-67585.7581292287,23384.435231481813,-44201.3228977469,19111.467150518383,-25089.855747228514,4523451.436300493,0.06,0.005143012831822946
93,4523451.436300493,-67774.35044025909,23612.733135004088,-44161.617305255,19300.05946154877,-24861.55784370623,4567613.053605747,0.06,0.005143012831822946
94,4567613.053605747,-67962.77334076152,23840.82596087416,-44121.94737988735,19488.48236205119,-24633.465017836163,4611735.0009856345,0.06,0.005143012831822946
95,4611735.0009856345,-68151.0269829157,24068.71389331117,-44082.31308960453,19676.736004205373,-24405.57708539916,4655817.314075239,0.06,0.005143012831822946
96,4655817.314075239,-68339.11151876468,24296.397116368786,-44042.7144023959,19864.820540054356,-24177.89386234154,4699860.028477635,0.06,0.005143012831822946
97,4699860.028477635,-68527.02710021491,24523.87581393532,-44003.15128627959,20052.73612150458,-23950.415164775015,4743863.179763915,0.06,0.005143012831822946
98,4743863.179763915,-68714.77387903637,24751.150169733915,-43963.623709302454,20240.48290032604,-23723.140808976415,4787826.803473217,0.06,0.005143012831822946
99,4787826.803473217,-68902.35200686273,24978.220367322672,-43924.13163954005,20428.061028152395,-23496.070611387655,4831750.935112758,0.06,0.005143012831822946
100,4831750.935112758,-69089.76163519142,25205.086590094812,-43884.67504509661,20615.4706564811,-23269.204388615508,4875635.610157854,0.06,0.005143012831822946
101,4875635.610157854,-69277.00291538384,25431.7490212788,-43845.253894105044,20802.71193667351,-23042.541957431535,4919480.864051959,0.06,0.005143012831822946
102,4919480.864051959,-69464.07599866536,25658.20784393852,-43805.868154726835,20989.785019955023,-22816.083134771812,4963286.7322066855,0.06,0.005143012831822946
103,4963286.7322066855,-69650.98103612552,25884.463240973415,-43766.517795152104,21176.69005741519,-22589.827737736912,5007053.2500018375,0.06,0.005143012831822946
104,5007053.2500018375,-69837.71817871818,26110.51539511862,-43727.202783599554,21363.42720000784,-22363.775583591712,5050780.452785437,0.06,0.005143012831822946
105,5050780.452785437,-70024.28757726152,26336.364488945128,-43687.9230883164,21549.9965985512,-22137.9264897652,5094468.375873754,0.06,0.005143012831822946
106,5094468.375873754,-70210.68938243834,26562.01070485994,-43648.678677578406,21736.398403728017,-21912.28027385039,5138117.054551332,0.06,0.005143012831822946
107,5138117.054551332,-70396.92374479602,26787.45422510617,-43609.469519689854,21922.632766085684,-21686.83675360417,5181726.524071022,0.06,0.005143012831822946
108,5181726.524071022,-70582.99081474669,27012.69523176326,-43570.29558298343,22108.69983603636,-21461.59574694707,5225296.819654006,0.06,0.005143012831822946
109,5225296.819654006,-70768.89074256743,27237.733906747082,-43531.156835820344,22294.59976385709,-21236.557071963252,5268827.976489826,0.06,0.005143012831822946
110,5268827.976489826,-70954.62367840025,27462.570431810083,-43492.05324659017,22480.332699689927,-21011.720546900244,5312320.029736416,0.06,0.005143012831822946
111,5312320.029736416,-71140.18977225237,27687.204988541456,-43452.98478371091,22665.898793542045,-20787.085990168867,5355773.014520127,0.06,0.005143012831822946
112,5355773.014520127,-71325.58917399621,27911.63775836727,-43413.95141562894,22851.29819528588,-20562.653220343058,5399186.965935756,0.06,0.005143012831822946
113,5399186.965935756,-71510.82203336956,28135.868922550624,-43374.95311081894,23036.53105465923,-20338.42205615971,5442561.919046575,0.06,0.005143012831822946
114,5442561.919046575,-71695.88849997571,28359.89866219178,-43335.989837783934,23221.59752126539,-20114.392316518544,5485897.9088843595,0.06,0.005143012831822946
115,5485897.9088843595,-71880.7887232836,28583.72715822833,-43297.061565055265,23406.49774457327,-19890.563820481995,5529194.970449415,0.06,0.005143012831822946
116,5529194.970449415,-72065.52285262784,28807.35459143533,-43258.168261192506,23591.231873917506,-19666.936387275,5572453.138710608,0.06,0.005143012831822946
117,5572453.138710608,-72250.09103720891,29030.78114242545,-43219.309894783466,23775.800058498593,-19443.509836284873,5615672.448605391,0.06,0.005143012831822946
118,5615672.448605391,-72434.49342609334,29254.0069916491,-43180.48643444423,23960.202447383002,-19220.28398706123,5658852.935039835,0.06,0.005143012831822946
119,5658852.935039835,-72618.73016821363,29477.032319394624,-43141.69784881901,24144.439189503297,-18997.25865931571,5701994.632888654,0.06,0.005143012831822946
120,5701994.632888654,-72802.80141236859,29699.857305788384,-43102.9441065802,24328.51043365826,-18774.433672921943,5745097.576995234,0.06,0.005143012831822946
121,5745097.576995234,-72986.70730722332,29922.48213079496,-43064.22517642836,24512.416328512998,-18551.80884791536,5788161.802171662,0.06,0.005143012831822946
122,5788161.802171662,-73170.44800130941,30144.906974217258,-43025.54102709216,24696.157022599094,-18329.384004493062,5831187.343198755,0.06,0.005143012831822946
123,5831187.343198755,-73354.02364302502,30367.132015696672,-42986.891627328354,24879.732664314688,-18107.158963013666,5874174.234826083,0.06,0.005143012831822946
124,5874174.234826083,-73537.43438063495,30589.157434713226,-42948.27694592172,25063.143401924623,-17885.1335439971,5917122.511772005,0.06,0.005143012831822946
125,5917122.511772005,-73720.68036227088,30810.983410585723,-42909.69695168516,25246.389383560556,-17663.307568124605,5960032.20872369,0.06,0.005143012831822946
126,5960032.20872369,-73903.7617359314,31032.610122471873,-42871.15161345953,25429.47075722108,-17441.68085623845,6002903.36033715,0.06,0.005143012831822946
127,6002903.36033715,-74086.67864948217,31254.03774936848,-42832.64090011369,25612.38767077184,-17220.25322934185,6045736.001237264,0.06,0.005143012831822946
128,6045736.001237264,-74269.431250656,31475.26647011151,-42794.16478054448,25795.14027194566,-16999.02450859882,6088530.166017808,0.06,0.005143012831822946
129,6088530.166017808,-74452.01968705298,31696.296463376326,-42755.72322367665,25977.72870834265,-16777.994515334,6131285.889241485,0.06,0.005143012831822946
130,6131285.889241485,-74634.44410614067,31917.127907677776,-42717.3161984629,26160.153127430338,-16557.16307103256,6174003.205439948,0.06,0.005143012831822946
131,6174003.205439948,-74816.7046552541,32137.76098137033,-42678.94367388377,26342.413676543776,-16336.529997339992,6216682.149113831,0.06,0.005143012831822946
132,6216682.149113831,-74998.801481596,32358.195862648274,-42640.60561894773,26524.51050288568,-16116.09511606205,6259322.754732779,0.06,0.005143012831822946
133,6259322.754732779,-75180.73473223686,32578.432729545806,-42602.30200269105,26706.443753526524,-15895.858249164528,6301925.05673547,0.06,0.005143012831822946
134,6301925.05673547,-75362.504554115,32798.4717599372,-42564.0327941778,26888.213575404672,-15675.81921877313,6344489.0895296475,0.06,0.005143012831822946
135,6344489.0895296475,-75544.11109403682,33018.31313153695,-42525.79796249988,27069.820115326496,-15455.97784717338,6387014.887492147,0.06,0.005143012831822946
136,6387014.887492147,-75725.55449867682,33237.95702189991,-42487.597476776915,27251.263519966495,-15236.33395681042,6429502.484968924,0.06,0.005143012831822946
137,6429502.484968924,-75906.83491457773,33457.40360842144,-42449.43130615629,27432.54393586741,-15016.887370288885,6471951.91627508,0.06,0.005143012831822946
138,6471951.91627508,-76087.95248815067,33676.65306833754,-42411.29941981313,27613.661509440342,-14797.637910372785,6514363.215694893,0.06,0.005143012831822946
139,6514363.215694893,-76268.9073656752,33895.70557872501,-42373.201786950194,27794.616386964877,-14578.585399985317,6556736.417481843,0.06,0.005143012831822946
140,6556736.417481843,-76449.69969329952,34114.56131650159,-42335.138376797935,27975.4087145892,-14359.729662208734,6599071.555858641,0.06,0.005143012831822946
141,6599071.555858641,-76630.32961704052,34333.22045842606,-42297.10915861446,28156.038638330203,-14141.070520284258,6641368.665017256,0.06,0.005143012831822946
142,6641368.665017256,-76810.79728278395,34551.68318109849,-42259.11410168547,28336.506304073624,-13922.607797611843,6683627.779118941,0.06,0.005143012831822946
143,6683627.779118941,-76991.10283628448,34769.94966096023,-42221.15317532425,28516.81185757415,-13704.341317750102,6725848.932294265,0.06,0.005143012831822946
144,6725848.932294265,-77171.24642316587,34988.02007429418,-42183.226348871685,28696.955444455532,-13486.270904416153,6768032.158643137,0.06,0.005143012831822946
145,6768032.158643137,-77351.22818892104,35205.89459722489,-42145.33359169615,28876.93721021072,-13268.396381485432,6810177.492234833,0.06,0.005143012831822946
146,6810177.492234833,-77531.04827891228,35423.573405718686,-42107.47487319359,29056.757300201953,-13050.717572991638,6852284.967108026,0.06,0.005143012831822946
147,6852284.967108026,-77710.70683837123,35641.05667558383,-42069.6501627874,29236.415859660912,-12833.23430312649,6894354.617270813,0.06,0.005143012831822946
148,6894354.617270813,-77890.20401239913,35858.34458247065,-42031.85942992848,29415.913033688805,-12615.946396239677,6936386.476700742,0.06,0.005143012831822946
149,6936386.476700742,-78069.53994596683,36075.437301871694,-41994.10264409513,29595.2489672565,-12398.853676838633,6978380.579344837,0.06,0.005143012831822946
150,6978380.579344837,-78248.71478391497,36292.335009121874,-41956.379774793095,29774.42380520464,-12181.955969588456,7020336.95911963,0.06,0.005143012831822946
151,7020336.95911963,-78427.72867095408,36509.03787939858,-41918.6907915555,29953.437692243755,-11965.253099311743,7062255.649911186,0.06,0.005143012831822946
152,7062255.649911186,-78606.58175166472,36725.54608772188,-41881.03566394284,30132.290772954395,-11748.744890988448,7104136.6855751285,0.06,0.005143012831822946
153,7104136.6855751285,-78785.27417049755,36941.85980895458,-41843.41436154297,30310.983191787218,-11532.431169755753,7145980.099936672,0.06,0.005143012831822946
154,7145980.099936672,-78963.80607177346,37157.97921780243,-41805.82685397103,30489.51509306313,-11316.311760907902,7187785.926790643,0.06,0.005143012831822946
155,7187785.926790643,-79142.17759968374,37373.904488814245,-41768.27311086949,30667.88662097341,-11100.386489896082,7229554.199901512,0.06,0.005143012831822946
156,7229554.199901512,-79320.38889829011,37589.63579638204,-41730.75310190807,30846.097919579785,-10884.655182328286,7271284.95300342,0.06,0.005143012831822946
157,7271284.95300342,-79498.44011152492,37805.17331474118,-41693.26679678374,31024.149132814593,-10669.117663969148,7312978.219800203,0.06,0.005143012831822946
158,7312978.219800203,-79676.3313831912,38020.5172179705,-41655.8141652207,31202.040404480867,-10453.77376073983,7354634.033965424,0.06,0.005143012831822946
159,7354634.033965424,-79854.0628569628,38235.66767999249,-41618.39517697031,31379.771878252475,-10238.623298717837,7396252.429142394,0.06,0.005143012831822946
160,7396252.429142394,-80031.63467638454,38450.62487457338,-41581.00980181115,31557.343697674216,-10023.666104136937,7437833.438944206,0.06,0.005143012831822946
161,7437833.438944206,-80209.04698487227,38665.38897532333,-41543.65800954894,31734.756006161944,-9808.902003386997,7479377.096953754,0.06,0.005143012831822946
162,7479377.096953754,-80386.29992571301,38879.96015569652,-41506.33977001649,31912.008947002687,-9594.330823013806,7520883.436723771,0.06,0.005143012831822946
163,7520883.436723771,-80563.39364206509,39094.338588991355,-41469.05505307373,32089.102663354755,-9379.952389718976,7562352.4917768445,0.06,0.005143012831822946
164,7562352.4917768445,-80740.3282769582,39308.52444835054,-41431.80382860766,32266.037298247873,-9165.76653035979,7603784.295605452,0.06,0.005143012831822946
165,7603784.295605452,-80917.10397329359,39522.51790676124,-41394.58606653235,32442.812994583262,-8951.773071949086,7645178.881671984,0.06,0.005143012831822946
166,7645178.881671984,-81093.72087384413,39736.31913705526,-41357.40173678887,32619.4298951338,-8737.971841655068,7686536.283408772,0.06,0.005143012831822946
167,7686536.283408772,-81270.17912125442,39949.928311909134,-41320.250809345285,32795.8881425441,-8524.362666801186,7727856.534218118,0.06,0.005143012831822946
168,7727856.534218118,-81446.47885804097,40163.34560384428,-41283.133254196684,32972.18787933064,-8310.945374866045,7769139.667472314,0.06,0.005143012831822946
169,7769139.667472314,-81622.6202265922,40376.57118522714,-41246.04904136506,33148.32924788188,-8097.719793483186,7810385.716513679,0.06,0.005143012831822946
170,7810385.716513679,-81798.6033691687,40589.60522826934,-41208.99814089936,33324.31239045837,-7884.685750440993,7851594.714654579,0.06,0.005143012831822946
171,7851594.714654579,-81974.4284279032,40802.44790502778,-41171.98052287542,33500.13744919287,-7671.843073682547,7892766.6951774545,0.06,0.005143012831822946
172,7892766.6951774545,-82150.0955448008,41015.09938740483,-41134.99615739597,33675.804566090475,-7459.191591305498,7933901.69133485,0.06,0.005143012831822946
173,7933901.69133485,-82325.60486173903,41227.55984714842,-41098.045014590614,33851.3138830287,-7246.731131561915,7974999.736349441,0.06,0.005143012831822946
174,7974999.736349441,-82500.95652046794,41439.829455852225,-41061.12706461571,34026.66554175762,-7034.461522858095,8016060.863414057,0.06,0.005143012831822946
175,8016060.863414057,-82676.15066261031,41651.90838495575,-41024.24227765456,34201.85968389997,-6822.382593754584,8057085.105691711,0.06,0.005143012831822946
176,8057085.105691711,-82851.18742966163,41863.79680574453,-40987.3906239171,34376.8964509513,-6610.494172965795,8098072.496315628,0.06,0.005143012831822946
177,8098072.496315628,-83026.06696299034,42075.4948893502,-40950.57207364014,34551.775984280015,-6398.796089360127,8139023.068389269,0.06,0.005143012831822946
178,8139023.068389269,-83200.78940383787,42287.002806750716,-40913.78659708716,34726.498425127545,-6187.288171959612,8179936.854986356,0.06,0.005143012831822946
179,8179936.854986356,-83375.35489331878,42498.32072877039,-40877.03416454839,34901.06391460845,-5975.970249939943,8220813.8891509045,0.06,0.005143012831822946
180,8220813.8891509045,-83549.76357242085,42709.44882608014,-40840.314746340715,35075.472593710525,-5764.84215263019,8261654.203897245,0.06,0.005143012831822946
181,8261654.203897245,-83724.01558200523,42920.38726919752,-40803.62831280771,35249.72460329491,-5553.903709512801,8302457.832210053,0.06,0.005143012831822946
182,8302457.832210053,-83898.11106280655,43131.13622848694,-40766.97483431961,35423.82008409622,-5343.154750223388,8343224.807044372,0.06,0.005143012831822946
183,8343224.807044372,-84072.05015543298,43341.695874159785,-40730.3542812732,35597.759176722655,-5132.595104550543,8383955.161325645,0.06,0.005143012831822946
184,8383955.161325645,-84245.83300036642,43552.0663762745,-40693.76662409191,35771.54202165609,-4922.224602435825,8424648.927949736,0.06,0.005143012831822946
185,8424648.927949736,-84419.45973796253,43762.24790473682,-40657.211833225716,35945.16875925221,-4712.043073973509,8465306.139782961,0.06,0.005143012831822946
186,8465306.139782961,-84592.93050845095,43972.24062929981,-40620.68987915114,36118.639529740634,-4502.050349410507,8505926.829662113,0.06,0.005143012831822946
187,8505926.829662113,-84766.24545193533,44182.044719564066,-40584.20073237127,36291.954473225014,-4292.246259146254,8546511.030394483,0.06,0.005143012831822946
188,8546511.030394483,-84939.40470839346,44391.66034497785,-40547.74436341561,36465.11372968313,-4082.6306337324786,8587058.7747579,0.06,0.005143012831822946
189,8587058.7747579,-85112.40841767736,44601.087674837174,-40511.32074284019,36638.11743896704,-3873.203303873146,8627570.09550074,0.06,0.005143012831822946
190,8627570.09550074,-85285.25671951348,44810.326878285996,-40474.92984122748,36810.965740803156,-3663.964100424324,8668045.025341967,0.06,0.005143012831822946
191,8668045.025341967,-85457.94975350272,45019.37812431633,-40438.57162918639,36983.65877479239,-3454.912854393995,8708483.596971154,0.06,0.005143012831822946
192,8708483.596971154,-85630.48765912058,45228.24158176841,-40402.246077352174,37156.19668041026,-3246.0493969419113,8748885.843048505,0.06,0.005143012831822946
193,8748885.843048505,-85802.87057571729,45436.91741933073,-40365.95315638655,37328.57959700696,-3037.3735593795936,8789251.796204893,0.06,0.005143012831822946
194,8789251.796204893,-85975.09864251787,45645.40580554036,-40329.69283697751,37500.80766380754,-2828.8851731699688,8829581.48904187,0.06,0.005143012831822946
195,8829581.48904187,-86147.1719986223,45853.706908782864,-40293.46508983944,37672.88101991198,-2620.584069927456,8869874.95413171,0.06,0.005143012831822946
196,8869874.95413171,-86319.09078300562,46061.82089729264,-40257.26988571299,37844.7998042953,-2412.4700814176904,8910132.224017423,0.06,0.005143012831822946
197,8910132.224017423,-86490.855134518,46269.7479391529,-40221.107195365104,38016.564155807675,-2204.5430395574294,8950353.331212787,0.06,0.005143012831822946
198,8950353.331212787,-86662.46519188488,46477.488202295885,-40184.976989589,38188.174213174556,-1996.8027764144426,8990538.308202377,0.06,0.005143012831822946
199,8990538.308202377,-86833.92109370713,46685.041854503026,-40148.87923920411,38359.630114996806,-1789.249124207301,9030687.18744158,0.06,0.005143012831822946
200,9030687.18744158,-87005.22297846107,46892.409063404964,-40112.813915056104,38530.93199975074,-1581.8819153053628,9070800.001356635,0.06,0.005143012831822946
201,9070800.001356635,-87176.37098449864,47099.58999648181,-40076.780988016835,38702.08000578831,-1374.7009822285254,9110876.782344652,0.06,0.005143012831822946
202,9110876.782344652,-87347.36525004751,47306.584821063225,-40040.78042898429,38873.07427133719,-1167.7061576471024,9150917.562773637,0.06,0.005143012831822946
203,9150917.562773637,-87518.20591321119,47513.39370432854,-40004.81220888265,39043.914934500855,-960.897274381794,9190922.374982521,0.06,0.005143012831822946
204,9190922.374982521,-87688.89311196908,47720.01681330694,-39968.876298662144,39214.602133258755,-754.2741654033889,9230891.251281183,0.06,0.005143012831822946
205,9230891.251281183,-87859.42698417671,47926.45431487753,-39932.97266929918,39385.13600546638,-547.8366638328007,9270824.223950483,0.06,0.005143012831822946
206,9270824.223950483,-88029.80766756572,48132.70637576954,-39897.10129179618,39555.516688855394,-341.58460294078395,9310721.32524228,0.06,0.005143012831822946
207,9310721.32524228,-88200.03529974405,48338.773162562415,-39861.262137181635,39725.74432103373,-135.51781614790525,9350582.587379461,0.06,0.005143012831822946
208,9350582.587379461,-88370.11001819602,48544.65484168596,-39825.45517651006,39895.8190394857,70.36386297563877,9390408.042555971,0.06,0.005143012831822946
209,9390408.042555971,-88540.03196028247,48750.3515794205,-39789.68038086197,40065.74098157215,276.0606007101742,9430197.722936833,0.06,0.005143012831822946
210,9430197.722936833,-88709.80126324082,48955.86354189697,-39753.93772134385,40235.510284530494,481.5725631866444,9469951.660658177,0.06,0.005143012831822946
211,9469951.660658177,-88879.41806418521,49161.19089509708,-39718.22716908813,40405.12708547489,686.8999163867556,9509669.887827266,0.06,0.005143012831822946
212,9509669.887827266,-89048.88250010667,49366.33380485345,-39682.54869525322,40574.59152139634,892.0428261431152,9549352.43652252,0.06,0.005143012831822946
213,9549352.43652252,-89218.19470787307,49571.2924368497,-39646.90227102338,40743.903729162754,1097.001458139377,9588999.338793542,0.06,0.005143012831822946
214,9588999.338793542,-89387.35482422943,49776.06695662066,-39611.28786760877,40913.063845519115,1301.7759779103435,9628610.626661152,0.06,0.005143012831822946
215,9628610.626661152,-89556.36298579791,49980.65752955243,-39575.70545624548,41082.07200708758,1506.3665508421036,9668186.332117397,0.06,0.005143012831822946
216,9668186.332117397,-89725.2193290779,50185.06432088257,-39540.155008195325,41250.92835036756,1710.7733421722369,9707726.487125592,0.06,0.005143012831822946
217,9707726.487125592,-89893.92399044619,50389.2874957002,-39504.63649474599,41419.63301173586,1914.9965169898715,9747231.123620339,0.06,0.005143012831822946
218,9747231.123620339,-90062.47710615711,50593.32721894613,-39469.14988721098,41588.18612744678,2119.0362402358005,9786700.27350755,0.06,0.005143012831822946
219,9786700.27350755,-90230.87881234255,50797.183655413006,-39433.69515692954,41756.58783363222,2322.8926767026787,9826133.96866448,0.06,0.005143012831822946
220,9826133.96866448,-90399.12924501211,51000.85696974548,-39398.27227526663,41924.838266301784,2526.5659910351533,9865532.240939748,0.06,0.005143012831822946
221,9865532.240939748,-90567.22854005324,51204.34732644024,-39362.881213613,42092.93756134292,2730.056347729922,9904895.12215336,0.06,0.005143012831822946
222,9904895.12215336,-90735.17683323134,51407.65488984627,-39327.521943385065,42260.88585452101,2933.3639111359444,9944222.644096745,0.06,0.005143012831822946
223,9944222.644096745,-90902.97426018977,51610.7798241649,-39292.194436024874,42428.68328147945,3136.4888454545726,9983514.83853277,0.06,0.005143012831822946
224,9983514.83853277,-91070.62095645015,51813.72229344994,-39256.89866300021,42596.32997773982,3339.4313147396097,10022771.737195771,0.06,0.005143012831822946
225,10022771.737195771,-91238.11705741228,52016.482461607855,-39221.634595804426,42763.82607870196,3542.191482897535,10061993.371791575,0.06,0.005143012831822946
226,10061993.371791575,-91405.46269835439,52219.06049239786,-39186.402205956525,42931.17171964406,3744.7695136875336,10101179.773997532,0.06,0.005143012831822946
227,10101179.773997532,-91572.65801443314,52421.456549432085,-39151.20146500105,43098.367035722804,3947.1655707217506,10140330.975462534,0.06,0.005143012831822946
228,10140330.975462534,-91739.7031406838,52623.67079617567,-39116.03234450814,43265.41216197348,4149.379817465342,10179447.007807042,0.06,0.005143012831822946
229,10179447.007807042,-91906.59821202038,52825.70339594693,-39080.89481607345,43432.30723331005,4351.412417236599,10218527.902623115,0.06,0.005143012831822946
230,10218527.902623115,-92073.34336323562,53027.55451191746,-39045.78885131816,43599.05238452529,4553.2635332071295,10257573.691474434,0.06,0.005143012831822946
231,10257573.691474434,-92239.93872900124,53229.224307112294,-39010.714421888944,43765.64775029092,4754.933328401974,10296584.405896323,0.06,0.005143012831822946
232,10296584.405896323,-92406.38444386798,53430.712944410014,-38975.67149945797,43932.093465157646,4956.421965699679,10335560.07739578,0.06,0.005143012831822946
233,10335560.07739578,-92572.68064226565,53632.02058654288,-38940.66005572277,44098.38966355533,5157.72960783256,10374500.737451503,0.06,0.005143012831822946
234,10374500.737451503,-92738.82745850341,53833.14739609699,-38905.68006240642,44264.53647979308,5358.856417386662,10413406.417513909,0.06,0.005143012831822946
235,10413406.417513909,-92904.82502676967,54034.09353551239,-38870.731491257284,44430.534048059344,5559.80255680206,10452277.149005165,0.06,0.005143012831822946
236,10452277.149005165,-93070.67348113237,54234.859167083196,-38835.814314049174,44596.38250242204,5760.5681883728685,10491112.963319214,0.06,0.005143012831822946
237,10491112.963319214,-93236.37295553897,54435.44445295774,-38800.928502581235,44762.081976828646,5961.1534742474105,10529913.891821796,0.06,0.005143012831822946
238,10529913.891821796,-93401.92358381665,54635.84955513871,-38766.07402867794,44927.63260510633,6161.55857642839,10568679.965850474,0.06,0.005143012831822946
239,10568679.965850474,-93567.32549967236,54836.07463548326,-38731.250864189096,45093.03452096203,6361.783656772932,10607411.216714663,0.06,0.005143012831822946
240,10607411.216714663,-93732.57883669289,55036.11985570313,-38696.45898098976,45258.28785798256,6561.828876992804,10646107.675695654,0.06,0.005143012831822946
241,10646107.675695654,-93897.68372834512,55235.985377364836,-38661.69835098028,45423.39274963479,6761.694398654508,10684769.374046635,0.06,0.005143012831822946
242,10684769.374046635,-94062.64030797596,55435.67136188974,-38626.96894608622,45588.34932926564,6961.380383179421,10723396.342992721,0.06,0.005143012831822946
243,10723396.342992721,-94227.4487088126,55635.17797055418,-38592.27073825843,45753.15773010228,7160.88699184385,10761988.61373098,0.06,0.005143012831822946
244,10761988.61373098,-94392.1090639625,55834.50536448966,-38557.60369947284,45917.818085252184,7360.214385779342,10800546.217430454,0.06,0.005143012831822946
245,10800546.217430454,-94556.62150641359,56033.65370468292,-38522.96780173067,46082.33052770327,7559.362725972598,10839069.185232185,0.06,0.005143012831822946
246,10839069.185232185,-94720.98616903432,56232.623151976084,-38488.36301705824,46246.69519032399,7758.33217326575,10877557.548249243,0.06,0.005143012831822946
247,10877557.548249243,-94885.20318457377,56431.41386706679,-38453.78931750698,46410.91220586344,7957.122888356462,10916011.33756675,0.06,0.005143012831822946
248,10916011.33756675,-95049.2726856618,56630.02601050836,-38419.24667515344,46574.98170695147,8155.735031798031,10954430.584241904,0.06,0.005143012831822946
249,10954430.584241904,-95213.19480480911,56828.45974270984,-38384.73506209927,46738.903826098795,8354.168763999522,10992815.319304004,0.06,0.005143012831822946
250,10992815.319304004,-95376.96967440742,57026.71522393621,-38350.254450471206,46902.67869569709,8552.424245225884,11031165.573754476,0.06,0.005143012831822946
251,11031165.573754476,-95540.59742672942,57224.792614308506,-38315.804812420916,47066.3064480191,8750.501635598186,11069481.378566897,0.06,0.005143012831822946
252,11069481.378566897,-95704.07819392909,57422.69207380387,-38281.38612012522,47229.78721521876,8948.40109509354,11107762.764687022,0.06,0.005143012831822946
253,11107762.764687022,-95867.41210804162,57620.4137622558,-38246.998345785825,47393.121129331295,9146.12278354547,11146009.763032809,0.06,0.005143012831822946
254,11146009.763032809,-96030.59930098365,57817.95783935418,-38212.64146162947,47556.30832227332,9343.666860643847,11184222.404494438,0.06,0.005143012831822946
255,11184222.404494438,-96193.63990455327,58015.324464645455,-38178.31543990782,47719.34892584294,9541.03348593512,11222400.719934346,0.06,0.005143012831822946
256,11222400.719934346,-96356.5340504302,58212.51379753277,-38144.02025289743,47882.24307171988,9738.222818822447,11260544.740187244,0.06,0.005143012831822946
257,11260544.740187244,-96519.28187017591,58409.52599727603,-38109.75587289988,48044.990891465575,9935.235018565698,11298654.496060144,0.06,0.005143012831822946
258,11298654.496060144,-96681.8834952336,58606.36122299214,-38075.52227224146,48207.592516523284,10132.070244281822,11336730.018332386,0.06,0.005143012831822946
259,11336730.018332386,-96844.33905692851,58803.019633655036,-38041.319423273475,48370.048078218184,10328.728654944709,11374771.33775566,0.06,0.005143012831822946
260,11374771.33775566,-97006.64868646782,58999.501388095865,-38007.14729837195,48532.35770775748,10525.21040938553,11412778.485054031,0.06,0.005143012831822946
261,11412778.485054031,-97168.81251494086,59195.80664500306,-37973.0058699378,48694.52153623053,10721.515666292733,11450751.49092397,0.06,0.005143012831822946
262,11450751.49092397,-97330.83067331926,59391.93556292257,-37938.89511039669,48856.53969460894,10917.644584212248,11488690.386034366,0.06,0.005143012831822946
263,11488690.386034366,-97492.70329245695,59587.88830025787,-37904.81499219908,49018.41231374663,11113.597321547553,11526595.201026564,0.06,0.005143012831822946
264,11526595.201026564,-97654.43050309035,59783.66501527017,-37870.76548782018,49180.139524380014,11309.374036559835,11564465.966514384,0.06,0.005143012831822946
265,11564465.966514384,-97816.01243583838,59979.2658660785,-37836.746569759875,49341.72145712804,11504.974887368167,11602302.713084145,0.06,0.005143012831822946
266,11602302.713084145,-97977.44922120268,60174.691010659866,-37802.758210542816,49503.158242492354,11700.400031949539,11640105.471294688,0.06,0.005143012831822946
267,11640105.471294688,-98138.74098956767,60369.940606849355,-37768.80038271831,49664.45001085734,11895.649628139028,11677874.271677407,0.06,0.005143012831822946
268,11677874.271677407,-98299.8878712006,60565.01481234028,-37734.873058860314,49825.59689249027,12090.723833629956,11715609.144736268,0.06,0.005143012831822946
269,11715609.144736268,-98460.88999625173,60759.9137846843,-37700.97621156743,49986.59901754141,12285.62280597398,11753310.120947836,0.06,0.005143012831822946
270,11753310.120947836,-98621.74749475444,60954.637681291555,-37667.109813462885,50147.456516044105,12480.34670258122,11790977.230761299,0.06,0.005143012831822946
271,11790977.230761299,-98782.46049662521,61149.186659430736,-37633.27383719447,50308.16951791488,12674.895680720409,11828610.504598493,0.06,0.005143012831822946
272,11828610.504598493,-98943.0291316639,61343.56087622932,-37599.468255434585,50468.73815295357,12869.269897518985,11866209.972853927,0.06,0.005143012831822946
273,11866209.972853927,-99103.45352955375,61537.76048867362,-37565.69304088013,50629.16255084342,13063.469509963295,11903775.665894806,0.06,0.005143012831822946
274,11903775.665894806,-99263.7338198615,61731.78565360893,-37531.94816625257,50789.442841151176,13257.494674898604,11941307.61406106,0.06,0.005143012831822946
275,11941307.61406106,-99423.87013203753,61925.63652773965,-37498.23360429788,50949.57915332719,13451.345549029313,11978805.847665356,0.06,0.005143012831822946
276,11978805.847665356,-99583.86259541585,62119.31326762939,-37464.54932778646,51109.57161670552,13645.022288919063,12016270.396993143,0.06,0.005143012831822946
277,12016270.396993143,-99743.71133921441,62312.81602970117,-37430.89530951324,51269.42036050408,13838.525050990844,12053701.292302657,0.06,0.005143012831822946
278,12053701.292302657,-99903.416492535,62506.14497023745,-37397.27152229755,51429.12551382467,14031.853991527118,12091098.563824955,0.06,0.005143012831822946
279,12091098.563824955,-100062.97818436347,62699.30024538034,-37363.67793898313,51588.68720565314,14225.009266670015,12128462.241763938,0.06,0.005143012831822946
280,12128462.241763938,-100222.3965435698,62892.28201113166,-37330.11453243814,51748.10556485947,14417.991032421327,12165792.356296377,0.06,0.005143012831822946
281,12165792.356296377,-100381.6716989082,63085.090423353104,-37296.5812755551,51907.38072019788,14610.799444642777,12203088.937571932,0.06,0.005143012831822946
282,12203088.937571932,-100540.80377901724,63277.725637766365,-37263.07814125087,52066.51280030691,14803.434659056038,12240352.015713183,0.06,0.005143012831822946
283,12240352.015713183,-100699.79291241991,63470.187809953255,-37229.60510246666,52225.50193370959,14995.896831242928,12277581.62081565,0.06,0.005143012831822946
284,12277581.62081565,-100858.63922752376,63662.47709535581,-37196.16213216795,52384.34824881344,15188.186116645491,12314777.782947818,0.06,0.005143012831822946
285,12314777.782947818,-101017.34285262102,63854.593649276445,-37162.749203344574,52543.05187391069,15380.302670566118,12351940.532151163,0.06,0.005143012831822946
286,12351940.532151163,-101175.90391588863,64046.53762687809,-37129.36628901054,52701.612937178295,15572.246648167755,12389069.898440173,0.06,0.005143012831822946
287,12389069.898440173,-101334.3225453884,64238.30918318423,-37096.01336220416,52860.03156667807,15764.018204473912,12426165.911802378,0.06,0.005143012831822946
288,12426165.911802378,-101492.59886906715,64429.90847307918,-37062.69039598797,53018.30789035682,15955.617494368846,12463228.602198366,0.06,0.005143012831822946
289,12463228.602198366,-101650.7330147567,64621.33565130806,-37029.39736344864,53176.44203604636,16147.044672597724,12500257.999561815,0.06,0.005143012831822946
290,12500257.999561815,-101808.72511017407,64812.590872477,-36996.13423769707,53334.43413146374,16338.29989376667,12537254.133799512,0.06,0.005143012831822946
291,12537254.133799512,-101966.57528292158,65003.67429105328,-36962.9009918683,53492.28430421125,16529.38331234295,12574217.03479138,0.06,0.005143012831822946
292,12574217.03479138,-102124.2836604869,65194.58606136536,-36929.69759912154,53649.99268177656,16720.295082655022,12611146.732390502,0.06,0.005143012831822946
293,12611146.732390502,-102281.85037024313,65385.32633760313,-36896.52403264,53807.55939153281,16911.035358892812,12648043.256423142,0.06,0.005143012831822946
294,12648043.256423142,-102439.27553944907,65575.89527381794,-36863.38026563113,53964.98456073874,17101.60429510761,12684906.636688773,0.06,0.005143012831822946
295,12684906.636688773,-102596.55929524908,65766.29302392276,-36830.26627132633,54122.268316538764,17292.002045212437,12721736.9029601,0.06,0.005143012831822946
296,12721736.9029601,-102753.70176467342,65956.51974169232,-36797.1820229811,54279.41078596309,17482.22876298199,12758534.08498308,0.06,0.005143012831822946
297,12758534.08498308,-102910.70307463815,66146.5755807632,-36764.127493874956,54436.412095927815,17672.28460205286,12795298.212476956,0.06,0.005143012831822946
298,12795298.212476956,-103067.56335194534,66336.46069463398,-36731.10265731136,54593.27237323501,17862.16971592365,12832029.315134266,0.06,0.005143012831822946
299,12832029.315134266,-103224.28272328319,66526.17523666531,-36698.10748661788,54749.99174457287,18051.88425795499,12868727.422620885,0.06,0.005143012831822946
300,12868727.422620885,-103380.86131522611,66715.71936008015,-36665.141955145955,54906.57033651578,18241.428381369828,12905392.564576032,0.06,0.005143012831822946
301,12905392.564576032,-103537.29925423473,66905.09321796379,-36632.206036270945,55063.00827552441,18430.802239253462,12942024.770612303,0.06,0.005143012831822946
302,12942024.770612303,-103693.59666665616,67094.29696326399,-36599.29970339217,55219.30568794583,18620.00598455366,12978624.070315694,0.06,0.005143012831822946
303,12978624.070315694,-103849.75367872397,67283.33074879111,-36566.42292993286,55375.46270001363,18809.039770080773,13015190.493245628,0.06,0.005143012831822946
304,13015190.493245628,-104005.77041655834,67472.19472721827,-36533.57568934007,55531.479437848015,18997.903748507946,13051724.068934968,0.06,0.005143012831822946
305,13051724.068934968,-104161.6470061662,67660.88905108147,-36500.75795508473,55687.35602745586,19186.598072371133,13088224.826890053,0.06,0.005143012831822946
306,13088224.826890053,-104317.38357344121,67849.41387277961,-36467.969700661604,55843.09259473089,19375.12289406929,13124692.796590716,0.06,0.005143012831822946
307,13124692.796590716,-104472.98024416405,68037.76934457476,-36435.21089958929,55998.68926545372,19563.47836586443,13161128.007490305,0.06,0.005143012831822946
308,13161128.007490305,-104628.4371440023,68225.95561859218,-36402.48152541011,56154.146165291975,19751.664639881863,13197530.489015715,0.06,0.005143012831822946
309,13197530.489015715,-104783.7543985107,68413.9728468205,-36369.781551690205,56309.463419800384,19939.68186811018,13233900.270567406,0.06,0.005143012831822946
310,13233900.270567406,-104938.93213313125,68601.82118111182,-36337.11095201943,56464.64115442093,20127.530202401504,13270237.381519426,0.06,0.005143012831822946
311,13270237.381519426,-105093.97047319321,68789.50077318179,-36304.469700011425,56619.67949448289,20315.209794471462,13306541.851219438,0.06,0.005143012831822946
312,13306541.851219438,-105248.86954391326,68977.01177460984,-36271.85776930342,56774.57856520294,20502.72079589952,13342813.708988741,0.06,0.005143012831822946
313,13342813.708988741,-105403.62947039562,69164.35433683917,-36239.27513355645,56929.338491685296,20690.063358128842,13379052.984122297,0.06,0.005143012831822946
314,13379052.984122297,-105558.25037763212,69351.528611177,-36206.72176645513,57083.959398921805,20877.237632466677,13415259.705888752,0.06,0.005143012831822946
315,13415259.705888752,-105712.73239050234,69538.5347487946,-36174.19764170774,57238.44141179201,21064.24377008427,13451433.90353046,0.06,0.005143012831822946
316,13451433.90353046,-105867.07563377362,69725.37290072745,-36141.70273304617,57392.7846550633,21251.081922017125,13487575.606263505,0.06,0.005143012831822946
317,13487575.606263505,-106021.28023210129,69912.04321787535,-36109.23701422593,57546.98925339096,21437.752239165027,13523684.843277732,0.06,0.005143012831822946
318,13523684.843277732,-106175.34631002866,70098.5458510026,-36076.80045902607,57701.055331318326,21624.25487229226,13559761.643736757,0.06,0.005143012831822946
319,13559761.643736757,-106329.27399198717,70284.88095073796,-36044.393041249205,57854.98301327683,21810.58997202763,13595806.036778007,0.06,0.005143012831822946
320,13595806.036778007,-106483.0634022965,70471.048667575,-36012.014734721495,58008.77242358617,21996.757688864673,13631818.051512728,0.06,0.005143012831822946
321,13631818.051512728,-106636.71466516463,70657.04915187202,-35979.66551329261,58162.423686454305,22182.758173161696,13667797.71702602,0.06,0.005143012831822946
322,13667797.71702602,-106790.22790468801,70842.8825538523,-35947.34535083572,58315.93692597769,22368.591575141967,13703745.062376855,0.06,0.005143012831822946
323,13703745.062376855,-106943.60324485158,71028.54902360417,-35915.05422124741,58469.31226614125,22554.25804489384,13739660.116598103,0.06,0.005143012831822946
324,13739660.116598103,-107096.8408095289,71214.04871108111,-35882.7920984478,58622.54983081858,22739.75773237078,13775542.90869655,0.06,0.005143012831822946
325,13775542.90869655,-107249.94072248228,71399.38176610193,-35850.55895638035,58775.64974377195,22925.0907873916,13811393.467652932,0.06,0.005143012831822946
326,13811393.467652932,-107402.90310736283,71584.54833835085,-35818.354769011974,58928.61212865251,23110.257359640535,13847211.822421944,0.06,0.005143012831822946
327,13847211.822421944,-107555.72808771062,71769.54857737762,-35786.17951033301,59081.4371090003,23295.25759866729,13882998.001932276,0.06,0.005143012831822946
328,13882998.001932276,-107708.41578695472,71954.38263259766,-35754.033154357065,59234.124808244385,23480.09165388732,13918752.035086634,0.06,0.005143012831822946
329,13918752.035086634,-107860.9663284133,72139.05065329216,-35721.91567512114,59386.67534970297,23664.75967458183,13954473.950761754,0.06,0.005143012831822946
330,13954473.950761754,-108013.37983529382,72323.55278860823,-35689.82704668559,59539.08885658349,23849.2618098979,13990163.777808439,0.06,0.005143012831822946
331,13990163.777808439,-108165.656430693,72507.88918755899,-35657.767243134,59691.365451982674,24033.59820884867,14025821.545051573,0.06,0.005143012831822946
332,14025821.545051573,-108317.79623759704,72692.05999902372,-35625.736238573314,59843.50525888671,24217.769020313397,14061447.281290146,0.06,0.005143012831822946
333,14061447.281290146,-108469.79937888161,72876.06537174794,-35593.734007133666,59995.50840017129,24401.774393037624,14097041.015297279,0.06,0.005143012831822946
334,14097041.015297279,-108621.66597731205,73059.90545434358,-35561.76052296847,60147.37499860173,24585.614475633258,14132602.775820248,0.06,0.005143012831822946
335,14132602.775820248,-108773.39615554339,73243.58039528904,-35529.81576025435,60299.10517683306,24769.289416578707,14168132.591580503,0.06,0.005143012831822946
336,14168132.591580503,-108924.99003612048,73427.09034292937,-35497.89969319111,60450.69905741015,24952.79936421904,14203630.491273694,0.06,0.005143012831822946
337,14203630.491273694,-109076.4477414781,73610.43544547635,-35466.01229600175,60602.156762767765,25136.144466766018,14239096.503569696,0.06,0.005143012831822946
338,14239096.503569696,-109227.76939394104,73793.61585100864,-35434.1535429324,60753.478415230704,25319.324872298304,14274530.657112628,0.06,0.005143012831822946
339,14274530.657112628,-109378.95511572421,73976.63170747184,-35402.32340825237,60904.66413701388,25502.340728761512,14309932.98052088,0.06,0.005143012831822946
340,14309932.98052088,-109530.00502893275,74159.4831626787,-35370.52186625404,61055.71405022242,25685.19218396838,14345303.502387134,0.06,0.005143012831822946
341,14345303.502387134,-109680.9192555621,74342.17036430918,-35338.74889125292,61206.62827685178,25867.879385598855,14380642.251278387,0.06,0.005143012831822946
342,14380642.251278387,-109831.69791749812,74524.69345991056,-35307.004457587565,61357.40693878779,26050.402481200224,14415949.255735975,0.06,0.005143012831822946
343,14415949.255735975,-109982.34113651715,74707.0525968976,-35275.28853961955,61508.05015780683,26232.76161818728,14451224.544275595,0.06,0.005143012831822946
344,14451224.544275595,-110132.84903428619,74889.24792255265,-35243.601111733544,61658.55805557587,26414.956943842328,14486468.14538733,0.06,0.005143012831822946
345,14486468.14538733,-110283.22173236293,75071.27958402572,-35211.94214833721,61808.93075365261,26596.988605315397,14521680.087535666,0.06,0.005143012831822946
346,14521680.087535666,-110433.45935219584,75253.14772833463,-35180.31162386121,61959.16837348551,26778.856749624298,14556860.399159528,0.06,0.005143012831822946
347,14556860.399159528,-110583.56201512432,75434.85250236522,-35148.7095127591,62109.27103641399,26960.56152365489,14592009.108672287,0.06,0.005143012831822946
348,14592009.108672287,-110733.52984237875,75616.39405287128,-35117.13578950746,62259.238863668426,27142.103074160965,14627126.244461795,0.06,0.005143012831822946
349,14627126.244461795,-110883.36295508067,75797.77252647486,-35085.59042860581,62409.07197637033,27323.481547764524,14662211.834890401,0.06,0.005143012831822946
350,14662211.834890401,-111033.06147424271,75978.98806966621,-35054.0734045765,62558.77049553238,27504.69709095588,14697265.908294978,0.06,0.005143012831822946
351,14697265.908294978,-111182.6255207689,76160.04082880408,-35022.58469196482,62708.334542058576,27685.749850093758,14732288.492986942,0.06,0.005143012831822946
352,14732288.492986942,-111332.05521545462,76340.93095011568,-34991.124265338934,62857.76423674429,27866.639971405355,14767279.617252281,0.06,0.005143012831822946
353,14767279.617252281,-111481.35067898672,76521.6585796969,-34959.69209928982,63007.059700276404,28047.36760098658,14802239.30935157,0.06,0.005143012831822946
354,14802239.30935157,-111630.5120319437,76702.22386351241,-34928.28816843129,63156.22105323337,28227.93288480208,14837167.597520003,0.06,0.005143012831822946
355,14837167.597520003,-111779.53939479568,76882.6269473957,-34896.91244739997,63305.24841608535,28408.33596868538,14872064.509967403,0.06,0.005143012831822946
356,14872064.509967403,-111928.43288790458,77062.86797704932,-34865.56491085526,63454.14190919426,28588.576998339,14906930.074878259,0.06,0.005143012831822946
357,14906930.074878259,-112077.19263152423,77242.9470980449,-34834.245533479334,63602.901652813904,28768.65611933457,14941764.320411738,0.06,0.005143012831822946
358,14941764.320411738,-112225.81874580041,77422.86445582332,-34802.95428997709,63751.52776709008,28948.573477112994,14976567.274701715,0.06,0.005143012831822946
359,14976567.274701715,-112374.31135077098,77602.6201956948,-34771.69115507617,63900.02037206065,29128.32921698448,15011338.96585679,0.06,0.005143012831822946
360,15011338.96585679,-112522.67056636597,77782.21446283907,-34740.4561035269,64048.37958765564,29307.92348412874,15046079.421960317,0.06,0.005143012831822946
