Year,Period,Payment Date,Cash Flow
,1,2026-04-15,20.00
2026,2,2026-10-15,20.00
,3,2027-04-15,20.00
2027,4,2027-10-15,20.00
,5,2028-04-15,20.00
2028,6,2028-10-14,20.00
,7,2029-04-15,20.00
2029,8,2029-10-15,20.00
,9,2030-04-15,20.00
2030,10,2030-10-15,20.00
,11,2031-04-15,20.00
2031,12,2031-10-15,20.00
,13,2032-04-15,20.00
2032,14,2032-10-14,20.00
,15,2033-04-15,20.00
2033,16,2033-10-15,20.00
,17,2034-04-15,20.00
2034,18,2034-10-15,20.00
,19,2035-04-15,20.00
2035,20,2035-10-15,"1,020.00"
Total,,,"1,400.00"
